Id,Type,Name,Description,Priority,Status,Date,Deadline
1,Project,"All Projects","",,,,
1.2,Project,"AB Coaching","",,,,
1.2.3,Task,"Посмотреть ответы Брайана","",2,,,
1.2.4,Task,"Какая структура команды на 10К/30К в день? (v.1 Заполнить файл Duties and Roles)","",2,,,
1.2.5,Task,"Есть ли флоу работы с чаржбэками, как обрабатываются эскалации из саппорта?   v1 And make sure you have Disputifier alerts setup to auto refund chargebacks below 100$. - вопрос про работу с чарджбэками и как строится работа, когда из СОПа саппорты следует обращение к менеджеру?","",2,,,
1.2.6,Task,"Добавить в еженедельные проверки работу с бестселлерами и ежемесячный убой зомби -50 баланс батч +50","",2,,,
1.2.7,Task,"Что за код 5.1 Launch the initial misrep campaign","",2,,,
1.2.8,Task,"Watch again 4.1 Google Merchant Center setup и сделать чеклист","",2,,,
1.2.9,Task,"Скачать видео и расшифровки АБ внутренний круг","[{""insert"":""То, что в чеклисте, еще недокачано""},{""attributes"":{""list"":""ordered""},""insert"":""\n""},{""insert"":""\n""}]",2,,,
1.2.9.10,Checklist,"1.5 SWOT analysis (EXTRA)",,,,,
1.2.9.11,Checklist,"9.7 Structure multiple Google stores (EXTRA)",,,,,
1.2.9.12,Checklist,"1.4 How to get SH!T done! (EXTRA)",,,,,
1.2.9.13,Checklist,"13.1 Peak Performance (Ray Nomden)",,,,,
1.2.9.14,Checklist,"12.2 Handle season switches",,,,,
1.2.9.15,Checklist,"10.3 Slash bank (for US LLC)",,,,,
1.2.9.16,Checklist,"9.6 Product quality checks (EXTRA)",,,,,
1.2.9.17,Checklist,"9.5 Track team hours with Hubstaff (EXTRA)",,,,,
1.2.9.18,Checklist,"12.1 Demand timeline",,,,,
1.2.9.19,Checklist,"14 13.0 Got a question? Drop it here13.1 Use notion to run your business13.2 Fix broken/dead links13.3 When to add the mediabuyer13.4 My PMAX is not spending, how to fix13.5 When to add Meta/Pinterest13.6 How to bulk edit products13.7 Buy local phone numbers for Google13.8 Using your Meta store for Google?13.9 How to use your competitor list13.10 What tools we use for AI products13.11 Fix a suspended ad account13.12 How many gmc’s per company?13.13 Setup Metafields on product imports13.14 GMC ID Verification (EXTRA)",,,,,
1.2.9.20,Checklist,"10.2 Payoneer bank (EXTRA)",,,,,
1.2.9.21,Checklist,"9.8 Hiring a COO & CFO (EXTRA)",,,,,
1.2.9.22,Checklist,"1.3 Set your expectations (EXTRA)",,,,,
1.2.23,Task,"Ask about PayPal","",2,,,
1.2.24,Task,"Посмотреть видео про wetracked, создание кампании. Трекер прибыли?. Сформулировать и задать вопросы","",2,,,
1.2.25,Task,"","",2,,,
1.2.26,Project,"GMC","<br>",,,,
1.2.26.27,Task,"При регистрации следующего магазина вычистить гугловский код","",2,,,
1.2.26.28,Task,"Сделать подсвечивающиеся пункты меню и лого посередине","",2,,,
1.2.26.29,Task,"Зарегистрировать 3-4 новых домена","",2,,,
1.2.26.30,Task,"Сделать список доменов и порядок их запуска","",2,,,
1.2.26.31,Task,"Изучить историю отказов","",1,,,
1.2.26.32,Project,"DK Store Havgaard Kobenhavn","",,,,
1.2.26.32.33,Task,"Понять, надо ли продолжать: посчитать количество отзывов для исправления ситуации","",2,,,
1.2.26.32.34,Task,"Выяснить, за что списали ГуглЭдс","",2,,,
1.2.26.32.35,Task,"Купить отзывы Trustpilot","",2,,,
1.2.26.32.36,Task,"havgaard-kobenhavn.dk Expires OnFeb 22, 2027","",2,,0000-09-17T11:00:00,
1.2.26.32.37,Task,"Вернуть деньги Google Ads","",2,,,
1.2.26.32.38,Task,"Поставить шопифай на паузу ","",2,,,
1.2.26.39,Project,"CH Store Marc et Francois","",,,,
1.2.26.39.40,Task,"Добавить анимацию меню","",2,,,
1.2.26.39.41,Task,"поменять фото 1018, 1019Order quantity*3Product link: https://qff1md-0e.myshopify.com/products/damen-maxikleid-blumen-v-ausschnitt?variant=56964852187468Similar model: Similar styles are not double layered.","",2,,,
1.2.26.42,Project,"US Store Charlie and Ted","",,,,
1.2.26.42.43,Task,"Добиться пересмотра оценки и сделать чеклист (Написать на сайт скам адвайзер)","[{""insert"":""[28.04.26 13:19] Kazzzenka: Наш путь был такой: \n1. Леннокс сказал запросить у них expert analisis за 17 евро.\n2. мы заказали, там ждать надо 2-4 дня\n3. они не писали ничего по этому поводу, я начала их пушить + прошла businnes verification (кнопки под результатом проверки)\n4. и одновременно с этим я начала им писать каждый день письма с причиной, почему должны улучшить trust score (наша причины - мы купили этот магазин и изменили подход к работе) \n5. через время они в письмах запросили документы (выше от них письмо), я отправила и продолжила пушить, потому что они пропадали на 5-7 дней \n\nвчера написали, что мы прошли верификацию и данные изменятся в течение 2х суток, сегодня уже скор 70\n[28.04.26 13:19] Kazzzenka: я бы пропустила 1 и 2 пункт, сразу вериф и писать можно им на почту ""},{""attributes"":{""link"":""mailto:report@scamadviser.com""},""insert"":""report@scamadviser.com""},{""insert"":""L\n""}]",2,,,
1.2.26.42.44,Task,"Написать в поддержку, что я хочу отказаться от домена Lymiko","",2,,,0000-03-29
1.2.26.42.45,Task,"Сделать новый GMC","",2,,,
1.2.26.42.46,Task,"Меняем домен","",2,,,
1.2.26.47,Project,"UK Store Oliver and Alder","",,,,
1.2.26.47.48,Task,"Заполнить PNL","",2,,,
1.2.26.47.49,Task,"Удалить GMC","",2,,,
1.2.26.47.50,Task,"Try to get money for PayPal order","",2,,,
1.2.26.47.51,Task,"Победить ошибку пропадания свотча","",2,,,
1.2.26.47.52,Task,"Добавить Серый в https://admin.shopify.com/store/redford-london/products/10299308278107","",2,,,
1.2.26.47.53,Task,"Добавить телефон","",2,,,
1.2.26.47.54,Task,"Добавить инстаграм на сайт и в GMC","",2,,,
1.2.26.47.55,Task,"Убедиться, что нотифаи пользователям приходят с нормального домена и разобраться, почему они видят Редфорд","",2,,,
1.2.26.47.56,Task,"Удалить GMC Oliver","",2,,,
1.2.26.47.56.57,Task,"Распланировать! Сделать поиск конкурентов для Швейцарии и США,","",2,,,
1.2.26.58,Project,"Store: Italy Linen GMC Planed","",,,,
1.2.26.58.59,Task,"Разработать новую схему отправок из Италии для GMC","",2,,,
1.2.26.58.60,Task,"Послать китайцам заново запрос на льняные вещи","",2,,,
1.61,Project,"AI learning","",,,,
1.61.62,Task,"Проанализировать, насколько целесообразно платить за горжиас или сделать свою собственную систему с рассылкой емейлов и обработкой тикетов?","",0,,,
1.61.63,Task,"Сделать шаблон правил для клода, для GPT","",2,,,
1.61.64,Task,"Посмотреть курс Алекса Крола","",2,,,
1.61.65,Task,"Сделать проект Контент-завод","",2,,,
1.61.65.66,Task,"Cделал контент-завод за 20 минут без n8n https://youtu.be/SdqAgqffkhk?si=8wGIS5SBm6GX28tO","",2,,,
1.61.67,Task,"Запустить приложение по переименованию","",2,,,
1.61.68,Task,"Accounting","",2,,,
1.61.68.69,Task,"Сделать автоматизацю вставки ссылок в таблицу","",2,,,
1.61.68.70,Task,"Сделать автоматизацию по распознаванию файлов и переименованию","",2,,,
1.61.71,Task,"Можно ли подключаться к VPS IP v6 и отказаться от использования IP v4(Разобраться с IP v.6 дома)","",2,,,
1.61.72,Task,"https://www.youtube.com/watch?v=N3UzxAyCyp4","",2,,,
1.61.73,Task,"https://www.youtube.com/watch?v=oS3kLEX9ShE","",2,,,
1.61.74,Task,"Сделать ассистента по видео https://www.youtube.com/watch?v=Mnwh74BXhNs&t=234s","",2,,,
1.61.75,Task,"https://www.youtube.com/watch?v=FqcdjmQP3v4","",2,,,
1.61.76,Task,"https://parakeettdt.com/#transcribe Можно ли установить на мобильный","",3,,,
1.61.77,Task,"Claude Code ДЛЯ НОВИЧКОВ https://youtube.com/watch?v=N3UzxAyCyp4&si=2aGA0e6rZ12kwV-z","",2,,,
1.61.78,Task,"Сервис название фотографии для мамы - телеграм бот","",2,,,
1.61.79,Task,"Спецагент для сайта + оркестратор агент над всеми","",2,,,
1.61.80,Task,"Изучить связку Обсидиан+Клод","",2,,,
1.61.81,Task,"Сделать ассистента по видео https://www.youtube.com/watch?v=kUNn6-ONJG8","",2,,,
1.61.82,Task,"Настроить агента жпт по подписке","",2,,,
1.61.83,Task,"Запрет байпасить правила Гитхаба","",2,,,
1.61.84,Task,"Сравнить клаудфлэйр и хетцнер","",2,,,
1.61.85,Task,"Записать в бэклог интеграцию с обсидиан, проверку задач на возможность автоматизации в н8н НА СВОЕМ СЕРВЕРЕ","",2,,,
1.61.86,Task,"Программа для подписи фотографий","",2,,,
1.61.87,Task,"Разработать систему управления письмами, конвертации их в задачи и контроля","",2,,,
1.61.88,Task," Добавить автоматизацию, которая будет отслеживать неотправленные товары","",1,,,
1.61.89,Task,"Сделать регулярную публикацию постов в инсте по магазинам","",2,,,
1.61.90,Task,"Установить Claude Mobile","",2,,,
1.61.91,Task,"Разработать правила для Гитхаба, чтобы ИИ не мог править правила и читал их на гитхабе? ","",2,,,
1.61.92,Project,"Автоматизация создания листингов","",,,,
1.61.92.93,Task,"https://youtube.com/watch?v=eXp8TC0Sm6o&si=K_XZZC3ip7ZW0AZ-","",2,,,
1.61.92.94,Task,"Сделать качественные исходники лиц моделей, узнать необходимое и достаточное разрешение и можно ли только лицо","",2,,,
1.61.92.95,Task,"разработать систему хранения данных по товарам/магазинам/срокам запкуска/вывода","",2,,,
1.61.92.96,Task,"Описать флоу Ресерч для GMC","",2,,,
1.61.97,Project,"Personal Assistant","",,,,
1.61.97.98,Task,"Синхронизировать файлы проекта с Гитхабом","",2,,,
1.61.97.99,Task,"Сделать связку Клод+Сингулярити+Почта, с контролем дедлайнов","",2,,,
1.100,Project,"Propria","",,,,
1.100.101,Task,"Сдать отчетность Propria","",1,,,
1.100.101.102,Task," Сделать список контрагентов, чтобы с ними разбираться про инвойсы","",0,,,
1.100.101.102.103,Task,"Запросить регистрационные документы у поставщиков","",0,,,
1.100.101.102.103.104,Checklist,"3PL",,,,,
1.100.101.102.103.105,Checklist,"AB",,,,,
1.100.101.102.103.106,Checklist,"Рекламные агентства",,,,,
1.100.101.107,Task,"Belege Revolut","",2,,,
1.100.101.108,Task,"Выписки и транзакции Wise","[{""insert"":""\n""}]",2,,,
1.100.101.108.109,Checklist,"2025-05",,,,,
1.100.101.108.110,Checklist,"2025-06",,,,,
1.100.101.108.111,Checklist,"2025-04",,,,,
1.100.101.108.112,Checklist,"2025-08",,,,,
1.100.101.108.113,Checklist,"2025-07",,,,,
1.100.101.114,Task,"Сделать список персональных расходов","",1,,,
1.100.101.115,Task,"Сделать транзакции и выписки по Revolut помесячно","",2,,,
1.100.101.115.116,Checklist,"08",,,+,,
1.100.101.115.117,Checklist,"06",,,+,,
1.100.101.115.118,Checklist,"07",,,+,,
1.100.101.115.119,Checklist,"04",,,+,,
1.100.101.115.120,Checklist,"05",,,+,,
1.100.101.121,Task,"Переслать Алле ордера клиентов","",1,,,
1.100.101.121.122,Task,"Casa Giannini","",2,,,
1.100.101.121.123,Task,"Havgaard Kobenhavn","",2,,,
1.100.101.124,Task,"Переслать Алле счета поставщиков","",1,,,
1.100.101.125,Task,"Belege Wise","",2,,,
1.100.126,Task,"Montly Checklist","",2,,,
1.100.126.127,Checklist,"Belege Revolut",,,,,
1.100.126.128,Checklist,"Частные Belege",,,,,
1.100.126.129,Checklist,"Сделать транзакции и выписки по Revolut",,,,,
1.100.126.130,Checklist,"Сделать транзакции и выписки по Wise",,,,,
1.100.126.131,Checklist,"Belege Wise",,,,,
1.100.126.132,Checklist,"Belege Commerznbank",,,,,
1.100.126.133,Checklist,"Сделать транзакции и выписки по Commerznbank",,,,,
1.100.134,Task,"Узнать, сколько часов будет отработано в текущем месяце Аней","",2,,0001-10-12,
1.100.135,Task,"Узнать, сколько часов будет отработано в текущем месяце Аней","",2,,0002-00-12,
1.100.136,Task,"Узнать, сколько часов будет отработано в текущем месяце Аней","",2,,0001-11-12,
1.100.137,Task,"Узнать, сколько часов будет отработано в текущем месяце Аней","",2,,0001-09-12,
1.100.138,Task,"Узнать, сколько часов будет отработано в текущем месяце Аней","",2,,0001-08-12,
1.100.139,Task,"Узнать, сколько часов будет отработано в текущем месяце Аней","",2,,0000-01-12,
1.100.140,Task,"Узнать, сколько часов будет отработано в текущем месяце Аней","",2,,0000-02-12,
1.100.141,Task,"Узнать, сколько часов будет отработано в текущем месяце Аней","",2,,0000-03-12,
1.100.142,Task,"Узнать, сколько часов будет отработано в текущем месяце Аней","",2,,0000-04-12,
1.100.143,Task,"Узнать, сколько часов будет отработано в текущем месяце Аней","",2,,0000-05-12,
1.100.144,Task,"Узнать, сколько часов будет отработано в текущем месяце Аней","",2,,0000-06-12,
1.100.145,Task,"Узнать, сколько часов будет отработано в текущем месяце Аней","",2,,0000-07-12,
1.100.146,Task,"Узнать, сколько часов будет отработано в текущем месяце Аней","",2,,0000-08-12,
1.100.147,Task,"Узнать, сколько часов будет отработано в текущем месяце Аней","",2,,0000-09-12,
1.100.148,Task,"Узнать, сколько часов будет отработано в текущем месяце Аней","",2,,0000-10-12,
1.100.149,Task,"Узнать, сколько часов будет отработано в текущем месяце Аней","",2,,0000-11-12,
1.100.150,Task,"Узнать, сколько часов будет отработано в текущем месяце Аней","",2,,0001-00-12,
1.100.151,Task,"Узнать, сколько часов будет отработано в текущем месяце Аней","",2,,0001-01-12,
1.100.152,Task,"Узнать, сколько часов будет отработано в текущем месяце Аней","",2,,0001-02-12,
1.100.153,Task,"Узнать, сколько часов будет отработано в текущем месяце Аней","",2,,0001-03-12,
1.100.154,Task,"Узнать, сколько часов будет отработано в текущем месяце Аней","",2,,0001-04-12,
1.100.155,Task,"Узнать, сколько часов будет отработано в текущем месяце Аней","",2,,0001-05-12,
1.100.156,Task,"Узнать, сколько часов будет отработано в текущем месяце Аней","",2,,0001-06-12,
1.100.157,Task,"Узнать, сколько часов будет отработано в текущем месяце Аней","",2,,0001-07-12,
1.100.158,Task,"Оформить командировки во Францию, Грузию и Турцию","",2,,,
1.100.159,Task,"Запросить счета на  Propria Gmbh от Miles","",2,,,
1.100.160,Task,"Скачать счета:","",2,,,
1.100.160.161,Task,"dropship.io disterhfet.arpack@gmail.com","",2,,,
1.100.162,Task,"Отправить доки в Майлз, запросить переделать ВСЕ счета","",2,,,
1.100.163,Task,"Transparenzregister","",2,,,
1.100.164,Project,"Reporting","",,,,
1.100.164.165,Task,"Сделать чеклист по отчетам для Propria GmbH","",2,,,
1.100.164.165.166,Checklist,"Alla Dudnichenko1:06 PM (4 hours ago)to meИлья здравствуйте.Выложите на диск пожалуйста  выписки банка за сентябрь и октябрь как Вы ранее выкладывали в PDF формате.Банк WISE за июль-октябрь.Также отчеты shopify за август-октябрь.Спасибо.С уважением,Алла Дудниченко",,,,,
1.100.164.167,Task,"Автоматическая обработка выписок","",2,,,
1.168,Project,"Ecom","Заметка Еком<br>",,,,
1.168.169,Task,"Daily  Shopify  Checklist (Supplier, Ad Agency, Listers)","[{""insert"":""\n""}]",0,,,
1.168.169.170,Checklist,"Check GAds performing",,,,,
1.168.169.171,Checklist,"Pay other invoices",,,,,
1.168.169.172,Checklist,"Answer AB in Slack",,,,,
1.168.169.173,Checklist,"Receive Quotes for the new products form 3PL",,,,,
1.168.169.174,Checklist,"Pay the invoice form Advertising Agency",,,,,
1.168.169.175,Checklist,"Check and answer Gorgias",,,,,
1.168.169.176,Checklist,"Fill out Ads & PNL reports",,,,,
1.168.169.177,Checklist,"Pay the invoice form 3PL",,,,,
1.168.178,Task,"Сделать Weekly Checklist Shopify","",0,,,
1.168.179,Task,"Настроить систему учета Еком","",0,,,
1.168.180,Task,"Засетапить агента, который распознает видео, тексты и создает свою LLM https://youtube.com/watch?v=lLuOLGdIlYk&si=7-XZ0ptPezhTUhuQ","",1,,,
1.168.181,Task,"Добавить регулярную проверку работоспособности сайта","",2,,,
1.168.182,Task,"Связать Slack / WhatsApp","",2,,,
1.168.183,Task,"Добиться окончательного решения по инвойсам от Лотта","",2,,,
1.168.184,Task,"Навести порядок в файлах Ecom, Propria - перенести все в Propria","[{""attributes"":{""link"":""https://docs.google.com/spreadsheets/d/1IXm2g2RqmfvMPRDiCF9QfkA5XPNH5K7uBmWr4QW_e50/edit?gid=1531640555#gid=1531640555""},""insert"":""https://docs.google.com/spreadsheets/d/1IXm2g2RqmfvMPRDiCF9QfkA5XPNH5K7uBmWr4QW_e50/edit?gid=1531640555#gid=1531640555""},{""insert"":""\n""}]",2,,,
1.168.185,Task,"Заполнить файл Duties and Roles","",2,,,
1.168.185.186,Task,"Проанализировать и пометить то, что можно делегировать (Делегировать: контроль листингов, дизайн креативов, создание рекламных кампаний)","",2,,,
1.168.187,Task,"Change payment method for WETRACKED to Revolut","",2,,,
1.168.188,Task,"Проанализировать влияние изменения курса евро к доллару и придумать алгоритм пересчета. Можно ли косты вводить в долларах в трупрофите?","",2,,,
1.168.189,Task,"Понять, как делать АБ тестирование","",2,,,
1.168.190,Task,"Выписки из реестра по контрагентам","",2,,,
1.168.191,Task,"Разобраться, как происходит торговля с одного стора на 2 и более рынков с разными языками ","",2,,,
1.168.192,Task,"Отработать итальянских дропшипперов https://eprolo.com/de/italian-dropshipping-suppliers","",2,,,
1.168.193,Task,"Отработать https://www.procfit.at/#arbeiten","",2,,,
1.168.194,Task,"Добавить в чеклисты: еженедельные проверки флоу покупки вплоть до чекаута, еженедельные проверки статусов доставки","",2,,,
1.168.195,Task,"Cancel automatic renewal  Lymiko","",2,,,0000-06-29
1.168.196,Task,"Подумать, как сделать тайм-трекинг","[{""attributes"":{""bold"":true},""insert"":""Hubstaff""},{""insert"":"" — простой трекинг времени + скриншоты, без «жёсткого» слежения. Для одного ассистента-листера это оптимальный баланс «proof-of-work»/цена/настройки приватности.\nЕсли ассистент работает ""},{""attributes"":{""bold"":true},""insert"":""через Upwork""},{""insert"":"" — хватит их Work Diary, отдельный софт не нужен.""},{""attributes"":{""blockquote"":true},""insert"":""\n""},{""insert"":""Настройка (15 минут)""},{""attributes"":{""header"":3},""insert"":""\n""},{""insert"":""Создай проект ""},{""attributes"":{""bold"":true},""insert"":""Listings""},{""insert"":"" и пригласи ассистента.""},{""attributes"":{""list"":""ordered""},""insert"":""\n""},{""attributes"":{""bold"":true},""insert"":""Скриншоты:""},{""insert"":"" каждые ""},{""attributes"":{""bold"":true},""insert"":""10 минут""},{""insert"":"", с ""},{""attributes"":{""bold"":true},""insert"":""blur""},{""insert"":"". Live-видео и кейлоггинг — ""},{""attributes"":{""bold"":true},""insert"":""выключить""},{""insert"":"".""},{""attributes"":{""list"":""ordered""},""insert"":""\n""},{""attributes"":{""bold"":true},""insert"":""Idle timeout:""},{""insert"":"" автопауза после ""},{""attributes"":{""bold"":true},""insert"":""3 минут""},{""insert"":"" бездействия.""},{""attributes"":{""list"":""ordered""},""insert"":""\n""},{""attributes"":{""bold"":true},""insert"":""Учёт URL/приложений:""},{""insert"":"" включить, но считать продуктивными только «белый список» (см. ниже).""},{""attributes"":{""list"":""ordered""},""insert"":""\n""},{""attributes"":{""bold"":true},""insert"":""График:""},{""insert"":"" фиксируй окно работы и оверлап. Рекомендую ""},{""attributes"":{""bold"":true},""insert"":""09:00–13:00 по Берлину""},{""insert"":"" (в Филиппинах это ""},{""attributes"":{""bold"":true},""insert"":""16:00–20:00 PHT""},{""insert"":""), остальное — асинхронно.""},{""attributes"":{""list"":""ordered""},""insert"":""\n""},{""attributes"":{""bold"":true},""insert"":""Ограничение часов:""},{""insert"":"" weekly cap, напр. ""},{""attributes"":{""bold"":true},""insert"":""30 ч/нед""},{""insert"":"".""},{""attributes"":{""list"":""ordered""},""insert"":""\n""},{""attributes"":{""bold"":true},""insert"":""Права доступа:""},{""insert"":"" скриншоты видишь только ты; скачивание — off.""},{""attributes"":{""list"":""ordered""},""insert"":""\n""},{""attributes"":{""bold"":true},""insert"":""Хранение данных:""},{""insert"":"" ""},{""attributes"":{""bold"":true},""insert"":""30 дней""},{""insert"":"", дальше автоудаление.""},{""attributes"":{""list"":""ordered""},""insert"":""\n""},{""attributes"":{""bold"":true},""insert"":""Платёж:""},{""insert"":"" оплачиваешь только «tracked time».""},{""attributes"":{""list"":""ordered""},""insert"":""\n""},{""attributes"":{""bold"":true},""insert"":""Экспорт отчёта:""},{""insert"":"" раз в пятницу выгрузка timesheet + ""},{""attributes"":{""link"":""tel:10–20""},""insert"":""10–20""},{""insert"":"" выборочных скринов.""},{""attributes"":{""list"":""ordered""},""insert"":""\n""},{""insert"":""«Белый список» продуктивности""},{""attributes"":{""header"":3},""insert"":""\n""},{""insert"":""Браузер: домены твоих площадок/CRM, Google Sheets/Docs, фотохостинг/сток, почта.""},{""attributes"":{""list"":""bullet""},""insert"":""\n""},{""insert"":""Приложения: табличный редактор, простой графический редактор (Figma/PS/Canva — если нужны), мессенджер ТОЛЬКО для рабочих чатов.""},{""attributes"":{""list"":""bullet""},""insert"":""\n""},{""insert"":""Всё остальное — «непродуктивно» (но без блокировок, просто для отчёта).""},{""attributes"":{""list"":""bullet""},""insert"":""\n""},{""insert"":""Метрики и нормы (что реально двигать)""},{""attributes"":{""header"":3},""insert"":""\n""},{""attributes"":{""bold"":true},""insert"":""Листингов/час""},{""insert"":"": задай ориентир (например, ""},{""attributes"":{""bold"":true},""insert"":""6–10/ч""},{""insert"":"" для простых карточек; под свой процесс скорректируй).""},{""attributes"":{""list"":""bullet""},""insert"":""\n""},{""attributes"":{""bold"":true},""insert"":""Медианное время на 1 листинг.""},{""attributes"":{""list"":""bullet""},""insert"":""\n""},{""attributes"":{""bold"":true},""insert"":""Ошибка/правка ≤ X%""},{""insert"":"" (задай порог, напр. 3–5%).""},{""attributes"":{""list"":""bullet""},""insert"":""\n""},{""attributes"":{""bold"":true},""insert"":""Еженедельный чек:""},{""insert"":"" ""},{""attributes"":{""link"":""https://10–20""},""insert"":""10–20""},{""insert"":"" скринов vs. готовые карточки + краткий разбор.""},{""attributes"":{""list"":""bullet""},""insert"":""\n""},{""insert"":""Короткий SOP (копипаст для онбординга)""},{""attributes"":{""header"":3},""insert"":""\n""},{""insert"":""Запуск трекера только при работе над ""},{""attributes"":{""bold"":true},""insert"":""Listings""},{""insert"":"".""},{""attributes"":{""list"":""ordered""},""insert"":""\n""},{""insert"":""Дневной апдейт до конца смены:""},{""attributes"":{""list"":""ordered""},""insert"":""\n""},{""insert"":""«Итого часов / листингов / среднее мин/листинг / проблемы».""},{""attributes"":{""indent"":1,""list"":""bullet""},""insert"":""\n""},{""insert"":""Если пауза >3 мин — нажми ""},{""attributes"":{""bold"":true},""insert"":""Pause""},{""insert"":"".""},{""attributes"":{""list"":""ordered""},""insert"":""\n""},{""insert"":""Никаких личных задач под трекером.""},{""attributes"":{""list"":""ordered""},""insert"":""\n""},{""insert"":""Шаблон согласия (1 абзац)""},{""attributes"":{""header"":3},""insert"":""\n""},{""insert"":""Подтверждаю, что согласен(на) на учёт рабочего времени и периодические скриншоты экрана (раз в 10 минут, с размытием). Данные используются только для расчёта оплаты и контроля качества, хранятся 30 дней, доступ есть только у [Имя]. Кейлоггинга, скрытого наблюдения и записи видео нет.""},{""attributes"":{""blockquote"":true},""insert"":""\n""},{""insert"":""Если всё-таки через Upwork""},{""attributes"":{""header"":3},""insert"":""\n""},{""insert"":""Оставь ""},{""attributes"":{""bold"":true},""insert"":""Work Diary""},{""insert"":"" (≈6 скриншотов/час + активность). Настрой: manual time — off, limit часов/нед, ежедневные ноты к таймслотам.\nЮр./этика — без розовых очков""},{""attributes"":{""header"":3},""insert"":""\n""},{""insert"":""Ты в ЕС: нужна ""},{""attributes"":{""bold"":true},""insert"":""прозрачность и пропорциональность""},{""insert"":"". Наш набор (скриншоты раз в 10 мин, blur, без кейлоггинга, хранение 30 дней) укладывается в «минимально необходимое».""},{""attributes"":{""list"":""bullet""},""insert"":""\n""},{""insert"":""Персональные данные уходят на Филиппины: фиксируй это в договоре (SCC/подобные положения) и ограничь доступ.""},{""attributes"":{""list"":""bullet""},""insert"":""\n""},{""insert"":""Хочешь — накину готовую Google Sheet для метрик и дневного апдейта + чек-лист недельного ревью.\n\n\n""}]",2,,,
1.168.197,Task,"Обновить счетчик продаж","",1,,,
1.168.198,Task,"Перенести все файлы на проприю","",2,,,
1.168.199,Task,"Найти DTC поставщиков из Европы/США","",2,,,
1.168.200,Task,"Принять решение, каким сервисом телефонов пользоваться. (Пополнить Задарма)","[{""insert"":""Source: ""},{""attributes"":{""link"":""https://t.me/ZadarmaBot""},""insert"":""ZadarmaBot""},{""insert"":""\n \n \n Уведомляем о том, что ваш баланс EUR0.8819.\n \n Пополните счет любым удобным способом в разделе Мой счет - Пополнить счет ""},{""attributes"":{""link"":""https://my.zadarma.com/pay/be465975b6e9a677ca53281dd6e7a2c51d9691f585a614c2c4e777732269a5a8/""},""insert"":""https://my.zadarma.com/pay/be465975b6e9a677ca53281dd6e7a2c51d9691f585a614c2c4e777732269a5a8/""},{""insert"":"". \n \n Изменить настройки уведомлений можно в личном кабинете сервиса.\n""}]",2,,,
1.168.201,Task,"Сделать счетчик шопифай","",2,,,
1.168.202,Task,"Понять, нужен ли мне http://drwoven.com","",2,,,
1.168.203,Task,"Настроить систему уведомлений пользователей по флоу товара с допродажами","",1,,,
1.168.204,Task,"Shopify weekly checklist добавить работу с бестселлерами и ежемесячный убой зомби -50 баланс батч +50","",2,,,
1.168.205,Project,"Store Australia","",,,,
1.168.206,Project," Listings","",,,,
1.168.206.207,Task,"Изучить инструменты HiggsField Soul для создания листингов","[{""insert"":""\n""}]",2,,,
1.168.206.207.208,Checklist,"Soul",,,,,
1.168.206.207.209,Checklist,"Krea",,,,,
1.168.206.207.210,Checklist,"Fluxcontent",,,,,
1.168.206.207.211,Checklist,"HiggsField",,,,,
1.168.212,Project,"Suppliers","",,,,
1.168.212.213,Task,"Настроить регулярные мероприятия по поставщику","",2,,,
1.168.212.214,Task,"Найти поставщика льняных изделий","",2,,,
1.168.215,Project,"HR","",,,,
1.168.216,Project,"Payment Solution","",,,,
1.168.216.217,Task,"Зарегистрировать UK компанию","",2,,,
1.168.216.218,Task,"Зарегистрироваться в Airwallex","",2,,,
1.168.219,Project,"Customer Support","",,,,
1.168.219.220,Task,"Сделать автоназначение тикетов на меня в Gorgias и не закрывать незакрытые тикеты (доп статус - в ожидании ответа?)","",2,,,
1.168.219.221,Task,"Разобраться с тем, как работает Gorgias и сделать автоматизацию","",2,,,
1.168.222,Project,"Supplements","",,,,
1.168.222.223,Task,"DS from Germany https://chancetobrand.de/en/#pricing","",0,,,
1.168.222.224,Task,"https://www.mindabolicslabs.com","",2,,,
1.168.225,Project,"Ideas","",,,,
1.168.225.226,Task,"https://bfstore.com.ua/?fbclid=PAQ0xDSwLlzc1leHRuA2FlbQIxMQABp_XQUBK79cxpyy9k_KeN7vk11uRfk_gEAcu3p_fnDhq1cjV6lAV_SJzQ5P4y_aem_D6M1jiKI2FFrn9RewZRYKg","",2,,,
1.168.225.227,Task,"https://www.instagram.com/reel/DKgv9k8vJrd/?igsh=aWp5NWF3bWE3NTUz","[{""insert"":""\n""}]",2,,,
1.168.225.228,Task,"Изучить условия https://www.procfit.at/","",2,,,
1.168.225.229,Task,"Изучить сайт https://modeee.com/","",2,,,
1.168.225.230,Task,"Сайт поизучать https://www.babyboofashion.com/en-eu/products/rosetta-maxi-dress-plum-brown","[{""insert"":""Сайт поизучать\n""}]",2,,,
1.168.231,Project,"Tik Tok","",,,,
1.168.231.232,Task,"Выбрать 2-3 товара для и сделать их на ТикТоке","",2,,,
1.168.231.233,Task,"https://youtube.com/watch?v=mU32P0RrfjU&si=ZSNVYlJay_Qa7bLs поиск продуктов","",2,,,
1.168.231.234,Project,"Products","",,,,
1.168.231.234.235,Task,"https://www.instagram.com/reel/DL23yFpprdL/?igsh=MXVsdGVhazhrb2R0NA==","",2,,,
1.168.231.234.236,Task,"https://www.instagram.com/reel/DLkVh31Imby/?igsh=N2gyMTBoOXhyMXhw","",2,,,
1.168.231.234.237,Task,"https://www.instagram.com/reel/DIMuKD6T5yH/?igsh=MW1yMDlmaTIzYjJqZg==","",2,,,
1.168.231.234.238,Task,"https://www.instagram.com/reel/DE5gEQKogKa/?igsh=MTlxZ3V0cHB6cjMwMw==","",2,,,
1.168.231.234.239,Task,"https://www.instagram.com/reel/DH5WM2PTmqA/?igsh=cGEyeW9zeXdnOGV4","",2,,,
1.168.231.234.240,Task,"https://www.instagram.com/reel/DMaMYEJP07S/?igsh=MWN5bnYya3FsbDU2eA==","",2,,,
1.168.231.234.241,Task,"https://www.instagram.com/reel/DLUrIuBpDcc/?igsh=MWRibHVwOHc0d3Z0OQ==","",2,,,
1.168.231.234.242,Task,"https://www.instagram.com/reel/DIZSBBAI--C/?igsh=MXE1eGFzMmJnMnc1eA==","",2,,,
1.168.231.234.243,Task,"https://www.instagram.com/reel/DMIYQrGIS7A/?igsh=MTJ6ajA1Y201MzZhZg==","",2,,,
1.168.231.234.244,Task,"https://www.instagram.com/reel/DM2XWPSItdm/?igsh=MTJrOHl0dGtvbmp0YQ==","",2,,,
1.168.231.234.245,Task,"https://www.instagram.com/reel/DKKxn2nBHon/?igsh=MW1za2x5emswZm8zZA==","",2,,,
1.168.231.234.246,Task,"https://www.instagram.com/reel/DMp6L8FCZV3/?igsh=eHFjdjdsZGN3YTNw","",2,,,
1.168.231.234.247,Task,"https://www.instagram.com/reel/DMOLSNcsbbl/?igsh=MTd1bjQxYXlnbzlv","",2,,,
1.168.231.234.248,Task,"https://www.instagram.com/reel/DL2BIlooCFl/?igsh=dmxibmk0ZTJ4YTk1","",2,,,
1.168.231.234.249,Task,"https://www.instagram.com/reel/DGn3JrhRK0w/?igsh=OWIwbXl4aTZzNzcx","",2,,,
1.168.231.234.250,Task,"https://www.instagram.com/reel/DMkmdy3R1t9/?igsh=aHJxbmpnYnJoMHds","",2,,,
1.168.231.234.251,Task,"https://www.instagram.com/reel/DMDqypMorO2/?igsh=MW5tZ3p4bHhreWZoZQ==","",2,,,
1.168.231.234.252,Task,"https://www.instagram.com/reel/DJVCk69h8R3/?igsh=MW1lbnAzMjB5amtrZg==","",2,,,
1.168.231.234.253,Task,"https://www.instagram.com/reel/DMM5QEaNLqb/?igsh=MWI0b2hwc2RwNGp1aw==","",2,,,
1.168.231.234.254,Task,"https://www.instagram.com/reel/DMNFu6wuc0I/?igsh=MTR4MnljZGs4eHcyYQ==","",2,,,
1.168.231.234.255,Task,"https://www.instagram.com/reel/DL4UufooP8R/?igsh=MWIzY2s5M2FrOGFtMA==","",2,,,
1.168.231.234.256,Task,"https://www.instagram.com/reel/DKbR0QttcFp/?igsh=MXhpYmY0Mnp2ZWExNA==","",2,,,
1.168.231.234.257,Task,"https://www.instagram.com/p/DLlxMKtgCnA/?igsh=eGh3YW9hYmIwdnJ2","",2,,,
1.168.231.234.258,Task,"https://www.instagram.com/reel/DKXDBAMtLfW/?igsh=MXA2a3A3dGk1azIxbg==","",2,,,
1.168.231.234.259,Task,"https://www.instagram.com/reel/DKMn6rWMNB1/?igsh=czZ1YncycGlqbHd2","",2,,,
1.168.231.234.260,Task,"https://www.instagram.com/reel/DLA_lvZOPwm/?igsh=MWphb2FudTZzd2ZrOQ==","",2,,,
1.168.231.234.261,Task,"https://www.instagram.com/reel/DHv_eE2ov9s/?igsh=MTZjdGUwdGlpM3FzbQ==","",2,,,
1.168.231.234.262,Task,"https://www.instagram.com/reel/DHecumcC_Jl/?igsh=d21wdmtya2NtNzJ0","",2,,,
1.168.231.234.263,Task,"https://www.instagram.com/reel/DGSSm2JI1ci/?igsh=anJmeml2NW4xZzl6","",2,,,
1.168.231.234.264,Task,"https://www.instagram.com/reel/DIDwq0FPhHX/?igsh=MmZsYXptcWoycWFi","",2,,,
1.168.231.234.265,Task,"https://www.instagram.com/reel/DKXg9FRy7LH/?igsh=Y25keXBicTNuOGwz","",2,,,
1.168.231.234.266,Task,"https://www.instagram.com/reel/DJGmE2ACdwP/?igsh=bDY4eWk1djN0MnJ1","",2,,,
1.168.231.234.267,Task,"https://www.instagram.com/reel/DLG89Wpo-s0/?igsh=MWcwM3ozY3BhYnU0Zw==","",2,,,
1.168.231.234.268,Task,"https://www.instagram.com/reel/DEa1Mptgpp2/?igsh=MXFreTdhbjdwODk2dQ==","",2,,,
1.168.231.234.269,Task,"https://www.instagram.com/p/DLFoX9Dp0f0/?img_index=7&igsh=MXVkMDR4cWN5M2RteQ==","",2,,,
1.168.231.234.270,Task,"https://www.instagram.com/stories/master.of.martial.arts/3660715274008594807?utm_source=ig_story_item_share&igsh=MWkzNW10YXB1bG53OA==","",2,,,
1.168.231.234.271,Task,"https://www.instagram.com/p/DLFs-OuNBVv/?img_index=1&igsh=MWh6OXpneGF5cXZ3bw==","",2,,,
1.168.231.234.272,Task,"https://www.instagram.com/reel/DLX5gEECO9V/?igsh=bmE0ZnJhMHEyemYx","",2,,,
1.168.231.234.273,Task,"https://www.instagram.com/reel/DLMreIoMoUC/?igsh=MTUwOHpyb2pqcW96aA==","",2,,,
1.168.231.234.274,Task,"https://www.instagram.com/reel/DLKohFfM6gQ/?igsh=ZDYzMmxzdHJqM3Fm","",2,,,
1.168.231.234.275,Task,"https://www.instagram.com/reel/DLYaERWSZf2/?igsh=YW9nbmN0NGRnbmV6","",2,,,
1.168.231.234.276,Task,"https://www.instagram.com/reel/DLIZD2Epe28/?igsh=MWlrMHlrZ2hybW9pZQ==","",2,,,
1.168.231.234.277,Task,"https://www.instagram.com/reel/DK5bXk0CL5a/?igsh=MXJvaWZmMnlxeW13cg==","",2,,,
1.168.231.234.278,Task,"https://www.instagram.com/reel/DLaO7MziZqX/?igsh=MWo2dTN3bWZ5ZTd2NQ==","",2,,,
1.168.231.234.279,Task,"https://www.instagram.com/reel/DLcJaPDoqEO/?igsh=MXF6bW1xZjFmOTRveg==","",2,,,
1.168.231.234.280,Task,"https://www.instagram.com/reel/DKWvJcaIbzp/?igsh=am0zamE5bzVhZmRo","",2,,,
1.168.231.234.281,Task,"https://avoxz.com/products/pet-hair-remover?sca_ref=6606475.KREKadnjTmjo","",2,,,
1.168.231.234.282,Task,"https://www.instagram.com/reel/DLmoKv3oGgj/?igsh=Y2RtcXgwZmg5NGU2","",2,,,
1.168.231.234.283,Task,"https://www.instagram.com/reel/DLh4OBHAHTC/?igsh=M2hzYWd3ZWtmcm90","",2,,,
1.168.231.234.284,Task,"https://www.instagram.com/reel/DKCzgQepy6y/?igsh=MXJpdno2bHpnYXRw","",2,,,
1.168.231.234.285,Task,"https://www.instagram.com/reel/DK9WYbPCTN0/?igsh=MWV3Y2x0cTBhdGh1eQ==","",2,,,
1.168.231.234.286,Task,"https://www.instagram.com/reel/DKevCC2CFAq/?igsh=MXJ0cWlyOWR5OHA3Mg==","",2,,,
1.168.231.234.287,Task,"https://www.instagram.com/reel/DKiTG4gJr4f/?igsh=MTd2YWJ0bnhiN3JhNg==","",2,,,
1.168.231.234.288,Task,"ali19277755","",2,,,
1.168.231.234.289,Task,"https://www.instagram.com/reel/DLkjQTvMVck/?igsh=MTltb3Z1aGl4OGt4Ng==","",2,,,
1.168.231.234.290,Task,"https://www.instagram.com/reel/DIYNDI3oVKn/?igsh=MWkwYWVyZzhyNmI1bA==","",2,,,
1.168.231.234.291,Task,"https://www.instagram.com/reel/DGSXKviAoAW/?igsh=cXZqbjc3cnQ3b2Rm","",2,,,
1.168.231.234.292,Task,"https://www.instagram.com/reel/DKKxn2nBHon/?igsh=MW1za2x5emswZm8zZA==","",2,,,
1.168.231.234.293,Task,"https://www.instagram.com/reel/DMDo1OjojGu/?igsh=bjM1cHF5OGwzcmF6","",2,,,
1.168.294,Project,"Management and control","",,,,
1.168.294.295,Task,"Нарисовать карточки процессов в Миро","",1,,,
1.296,Project,"Tacura GmbH","",,,,
1.296.297,Task,"Dubai Geschäftsreise","",2,,,
1.296.298,Task,"Спросить Светлану, нужен ли  кассенбух 2024 (Kassenbuch Tacura GmbH)","",2,,,
1.296.299,Task,"Посчитать кэшфлоу по Такуре 2026","",2,,,
1.296.300,Task,"Разослать зарплатные листки","",2,,,
1.301,Project,"Personal","",,,,
1.301.302,Task,"Wertstoffe (BSR) Abholung","",2,,0000-01-02T08:00:00,
1.301.303,Task,"Hausmüll (BSR) Abholung","",2,,0000-01-03T08:00:00,
1.301.304,Task,"Wertstoffe (BSR) Abholung","",2,,0000-01-16T08:00:00,
1.301.305,Task,"Hausmüll (BSR) Abholung","",2,,0000-01-17T08:00:00,
1.301.306,Project,"Здоровье","",,,,
1.301.306.307,Task,"Назначить термин у Вольфа, Запросить направление к ЛОР","",2,,,
1.301.306.308,Task,"Записаться на прием к кожнику по новообразованиям","",2,,,
1.301.306.309,Task,"Уточнить, нужно ли новое направление для физиотерапии","",2,,,
1.301.306.310,Task,"Записаться на инфузии железа https://g.co/kgs/RaQxgqD Dr. Yulia Nazarenko или купить препараты железа","",2,,,
1.301.306.311,Task,"Купить тестостерон в Украине или России гель + Nibido","",2,,,
1.301.306.312,Task,"Сделать комплекс растяжки ","",2,,,
1.301.306.313,Task,"Найти хороший крем-автоЗагар","",2,,,
1.301.306.314,Task,"Принять решение об операции против мигрени","",1,,,
1.301.306.315,Task," Узнать могут ли мне для моей оправы в оптике вырезать линзы сколько это будет стоить ?","",2,,,
1.301.306.316,Task,"Найти уролога, который пропишет рецепт на тестостерон (Записаться к урологу)","",1,,,
1.301.306.317,Task,"Записаться на прием к эндокринологу https://g.co/kgs/anjpKXC endokrinologikum Berlin am Gendarmenmarkt ","",2,,,
1.301.306.318,Task,"Операция на глаза от близорукости и косоглазия https://www.instagram.com/p/DLCENZggEkZ/?igsh=ZnhoeTI4ejdpNHQy1","[{""insert"":""\n""}]",1,,,
1.301.306.319,Task,"Купить снотворное OYONO","",2,,,
1.301.306.320,Task,"Узнать, какие процедуры по уходу за лицом существуют - блефаропластика, что-то еще?","",2,,,
1.301.306.321,Task,"Изучить, что такое  cordyceps https://www.google.com/search?q=cordyceps&oq=cordiceps&sourceid=chrome-mobile&ie=UTF-8","",2,,,
1.301.306.322,Task,"Получить рецепт https://telecan.de каннабиоды против мигрени","",2,,,
1.301.306.322.323,Task,"Разобраться с рецептом на каннабиоиды https://www.canifyclinics.com/cannabis-auf-rezept/","",2,,,
1.301.306.324,Task,"Разработать комплекс упражнений на мобильность","",2,,,
1.301.306.325,Task,"Сделать распорядок дня","",2,,,
1.301.306.326,Task,"Миофасциальный массаж https://youtube.com/watch?v=rJNipl7HwXE&si=NXdPMKKJO0pDvvpa","",2,,,
1.301.327,Project,"!Семья","",,,,
1.301.327.328,Task,"Сдать анализы для всех семьи, в том числе на железо","",2,,,
1.301.327.329,Task,"Porsche Fahrexpirience для Ани","",2,,,
1.301.327.330,Task,"Заработать 2К и купить билеты в Париж на шопинг","",2,,,
1.301.327.331,Project,"Music","",,,,
1.301.327.331.332,Task,"Переклеить ткань на маленьких колонках 205 х 665","",2,,,
1.301.327.331.333,Task,"Сделать Медиацентр + Home Assistant (смарт-дом) + torrents","",2,,,
1.301.327.331.334,Task,"Купить Universal RC или RC Hub","",2,,,
1.301.327.331.335,Task,"Распаять провода для колонок","",2,,,
1.301.327.331.336,Task,"Купить ремкомплект https://lautsprecher-technik.com/Speaker-Repair-Parts/Speaker-Refoaming-New-Edge-Foam-Surrounds-Repair/Magnat-Speaker-Surround-Refoam-Edge-Repair-Kits/Magnat-Art--Nr--144008-Speaker-Surround-Re-Foam-Repair-Kit.html","",2,,,
1.301.327.331.337,Task,"Переклеить ткань на больших колонках 205 х 733","[{""insert"":""\n""}]",2,,,
1.301.327.331.338,Task,"Проверить работоспособность колонок с усилителем","",2,,,
1.301.327.331.339,Task,"Починить большие колонки","",2,,,
1.301.327.331.340,Task,"Купить аудио-стойку","",2,,,
1.301.327.331.340.341,Task,"Найти ссылку про починку колонок","",2,,,
1.301.327.331.342,Task,"Сделать медиа-плеер на основе миниПК","",2,,,
1.301.327.343,Project,"Память/Архив","",,,,
1.301.327.343.344,Task,"Организовать выставку работ Михаила Дистергефта и вывезти все его картины из России","",0,,,
1.301.327.343.345,Task,"Придумать, как хранить записи о яхтенных походах","",2,,,
1.301.327.343.346,Task,"Оцифровать океанский переход","[{""attributes"":{""link"":""tel:11-11""},""insert"":""11-11""},{""insert"":"" \n Финиш. Отдых. Пьянка.\n""},{""attributes"":{""link"":""https://12-11""},""insert"":""12-11""},{""insert"":""\n Сим карта \n Вэлком дринк.\n""},{""attributes"":{""link"":""tel:13-11""},""insert"":""13-11""},{""insert"":""\n Зарядка.\n Экскурсия, квадрокоптер.\n Пиво на метеогорке.""},{""attributes"":{""italic"":true},""insert"":"" (https://fonts.gstatic.com/s/e/notoemoji/16.0/1f44d/72.png) ""},{""insert"":""\n Жорж из Ростова. \""Лицо человека...  А, всякую х..ню\"" \n BBQ говно.\n""},{""attributes"":{""link"":""https://14-11""},""insert"":""14-11""},{""insert"":""\n Зарядка. Заправки 4 канистры. Прачечная. \n Настроил WiFi. Купил роутер.\n Секс со спутниковым тв \n Прогулка \n Награждение.\n""},{""attributes"":{""link"":""tel:15-11""},""insert"":""15-11""},{""insert"":""\n Зарядка? Получили белье. \n .  Прогулка по городу. Закупили на рынке. Спутниковое телевидение нет.\n""},{""attributes"":{""link"":""https://16-11""},""insert"":""16-11""},{""insert"":""\n На почте очередь. \n Старт. 1-1-3\n Сорвалась очень большая рыба. Поймали одну.\n Указ о переводе часов. Плов.\n17-11. \n 3-3-5\n Перевод на 1 час назад. \n Завтрак плов с яйцами.\n Не стали запускать квадрокоптер. \n Наша удлиненная вахта. Поймали сразу 2 рыбы, потом ещё почти 2, то есть одну. Обед ужин: сашими из тунца, сашими из махи махи, жареная маха маха.\n""},{""attributes"":{""link"":""tel:18-11""},""insert"":""18-11""},{""insert"":""\n Завтрак тосты.\n 3-5-9\n Проблемы со спутником. 1 замученная маха маха. Скачали прогноз. Куба либре. \n Обед харчо из курицы.\n Повесили вялиться маху.\nВахта с 18 на 19! Почти догнали (3,2 мили) Талабу. Резко поменялся ветер. 25 узлов. С трудом и кровью сняли генакер. Поменяли галс, встали на курс. Починили гинакер фал. Снова поставили генакер. Остался 1 час вахты.\n""},{""attributes"":{""link"":""https://19-11""},""insert"":""19-11""},{""insert"":""\n Завтрак Харчо.\n Поймали небольшую маха маху. \n Поймали тунца 9 кг. Сашими+себиче. \n Счастливое число Слевина\n""},{""attributes"":{""link"":""tel:20-11""},""insert"":""20-11""},{""insert"":""\n Голова\n Овсяная каша \n Закрутило гинакер, отрезали леску \n Штиль \n Сашими - не доели\n Закат\n Ганста пэрэдайз\n Талаба - Та баба\n""},{""attributes"":{""link"":""https://21-11""},""insert"":""21-11""},{""insert"":""\n Ночная вахта: штиль, стаксель, гинакер. Штиль, мотор.\n Завтрак: уха из тунца. \n Обед: гаспачо\n""},{""attributes"":{""link"":""tel:22-11""},""insert"":""22-11""},{""insert"":""\n 2-3-5\n Штиль \n Завтрак тосты.\n Немного ветра. \n Переговоры Free Spirit,  Talaba.\n Починили зелёный фонарь. \n Потеряли пружину левого браса. \n Оторвавшийся контакт солнечной батареи.\n Обед: очень вкусный борщ. \n Перевод стрелок часов: UTC -3\n Удлиненная вахта ЕВ АГ\n Попытка слить топливо у Эстер Спирит.\n2330 наша вахта, подняли паруса, выключили двигатель. \n Автопилот по ветру\n""},{""attributes"":{""link"":""https://23-11""},""insert"":""23-11""},{""insert"":""\n 3\n Завтрак борщ (ещё вкуснее)\n Обед: фалафель + хумус\n Половина пути: 1050 миль \n Наша вахта, смена галса южнее.\n Связь с Sea Mist 2.\n""},{""attributes"":{""link"":""tel:24-11""},""insert"":""24-11""},{""insert"":""\n Завтрак рисовая каша.\n Пельмени (с бульоном) . Виски\n Ветер!!!\n Очень шустрая вечерняя смена.\n""},{""attributes"":{""link"":""https://25-11""},""insert"":""25-11""},{""insert"":""\n 3-8-12?\n Ветер стих \n Завтрак овсянка.\n Яхта Noah ARC затронула. Экипаж (все немцы) спасен и скоро будет в Тенерифе. \n Обед Чили кон карне. \n Дельфины.\n Немного ветра .\n Ужин курица с тушеной капустой.\n Связь с Sea Mist 2. Они похвастались, что поймали Маха-Маху 10 кг.\n Встали на мотор в 2000\n Встали на гинакер в 2030.\n В 2230 дунуло 17 с порывами до 24\n ХОРОШО.\n""},{""attributes"":{""link"":""tel:26-11""},""insert"":""26-11""},{""insert"":""\n Опять мотор. \n Завтрак: галеты с крем фреш и папапйевым вареньем.\n Завтрак 2: рисовая каша. \n Мотор. \n Окунь.\n Сразу же вслед, на ещё только выпускаемой леску - 9 кг Маха-Маха.\n Разбор бумаг. \n Обед: паста с курицей. \n Обслуживание бортового опреснителя. \n Ремонт стола.\n Зарядка. \n Чёрные паруса. Капитан Уэйн.\n Жареная Икра Маха-Махи\n""},{""attributes"":{""link"":""https://27-11""},""insert"":""27-11""},{""insert"":""\n Годовщина свадьбы. \n Вторые в дивизионе.\n Завтрак сырники. \n Поймали ещё одну 8-9 кг Маха-Маха. \n Пока доставали, видели запутавшихся в сети черепах. \n Достали Маха-Маху, утопили багор, разделали сразу на аппарели. \n Вернулись 1 милю за черепахами, но не нашли. Снова встали на курс. \n Увидели по АИС Талабу! \n Обед жареная Маха-Маха и окунь. \n \""Праздничный\"" ужин в честь бумажной свадьбы. \n Рыбные котлеты из Маха-Махи и картофельное пюре. \n Вино ""},{""attributes"":{""italic"":true},""insert"":"" (https://fonts.gstatic.com/s/e/notoemoji/16.0/1f377/72.png) ""},{""insert"":"" 1981 года. \n Чёрные паруса, жареная икра \n Вахта. Залетела в кокпит летучая рыба, отпустили\n""},{""attributes"":{""link"":""tel:28-11""},""insert"":""28-11""},{""insert"":""\n 2-е. Обошли Sea Flute.\n Завтрак: лапша Соба (быстрого приготовления) \n Обед: рыбные котлеты, на гарнир паста и рис.\n Новые данные по позициям: мы первые.\n Собрание трудового коллектива.\n Распределение мест.\n Sea Mist is fucked too.\n Под конец нашей смены сильный порыв ветра замотал геннакер и верёвку и автопилот отключился.\n Выровняли лодку, сняли геннакер, верёвку оставили. \n""},{""attributes"":{""link"":""https://29-11""},""insert"":""29-11""},{""insert"":""\n Смена часового пояса. \n Удлиненная вахта Степы. \n Меня подняли на люльке и я размотал верёвку. \n Разобрали геннакер. \n С утра сломался автопилот. \n Вторые номера днем, рулевые ночью.\n Обед баранина с картошкой и нутом. \n Чёрные паруса.\n""},{""attributes"":{""link"":""tel:30-11""},""insert"":""30-11""},{""insert"":""\n Ветра нет.\n Завтрак чай с печеньем.\n Усиление ветра. Поставили генакер. \n Второй завтрак драники. \n Шквал. \n Резко сняли геннакер. \n Дождь. \n Ветер стух. \n Доел драник.\n Ветра нет.\n Конкуренты догоняют. \n Идём на моторе. Бензин на нуле. \n Ветер 8 узлов. Поставили геннакер. \n Нас обошёл Sea Mist 2.\n Скоро догонит и перегонит и Талаба.\n Я встал за руль. \n Выпили. \n Ветер начал усиливаться. \n Больше 20 узлов\n Почти догнали Sea Mist 2.\n Ветер поменялся на бейдевинд.\n Сняли генакер, поставив стаксель. \n Шторм. 30 узлов. Гонка.\n Работа с парусами. \n Обошли \n Финиш. \n Мы первые.\nСигнал и крик Ура!\nПричал. Пьянка.\n1-12\n Портовые формальности. \n Спутниковое телевидение \n Жареная рыба \n Купил билеты \n Рано спать\n2-12\n Порт, шаттл, магазин, газ, консервация системы. \n Прощание. \n Шаттл опоздал \n Дорога в порт\n\nПриколы с иммиграционной службой\n""}]",2,,,
1.301.327.343.347,Task,"Сделать кино про Турцию","",2,,,
1.301.348,Project,"Ordnung und System","",,,,
1.301.348.349,Task,"Подключить всех к календарю Disters","",0,,,
1.301.348.350,Task,"Принять решение получить ли новый Российский паспорт или выйти из гражданства РФ","",0,,,
1.301.348.351,Task,"Расчищать почту  gmail inbox (продумать флоу конвертации писем сразу в задачи) 0-58/7-116//159-401 // 3553194@gmail 1593/2992//2647/4096","",2,,,
1.301.348.352,Task,"Установить задний регистратор","",2,,,
1.301.348.353,Task,"Разобрать физические Файлхолдеры в шкафу","",2,,,
1.301.348.354,Task,"Забрать фотки с mail.ru","",2,,,
1.301.348.355,Task,"найти фотоархив на жестких дисках","",2,,,
1.301.348.356,Task,"придумать, как хранит фотоархив","",2,,,
1.301.348.357,Task,"Настроить все пересылки и правила в почте Gmail","",2,,,
1.301.348.358,Task,"Как навести порядок в почтовом ящике Gmail? https://www.youtube.com/watch?v=FzSqScI0eYg&t=923s  Как сделать так, чтобы появлялись папки с непрочитанными?","",2,,,
1.301.348.359,Task,"Внедрить лайфхак с моеимя+слово@gmail.com","",2,,,
1.301.348.360,Task,"Проинвентаризировать соцсети по методу Анастасии Рыжиной","",2,,,
1.301.348.361,Task,"Решить с Аней, кто и где хранит Jobcenter","",2,,,
1.301.348.362,Task,"Проверить даты паспортов и расставить напоминания","",2,,,
1.301.348.363,Task,"Узнать, сколько по времени занимает замена аккумулятора в эппле ","",2,,,
1.301.348.364,Task,"Установить Спотифай десктоп, для этого установить Макос 12","",2,,,
1.301.348.365,Task,"Найти блокировщик спама для iOS","",2,,,
1.301.348.366,Task," Синхронизировать все календари в один и вывести на телефон ","",2,,,
1.301.348.367,Task,"Сделать семейную подписку на Прайм Ютуб","",2,,,
1.301.348.368,Task,"Почистить Даунлоадс","",2,,,
1.301.348.369,Task,"Почистить рабочий стол","",2,,,
1.301.348.370,Task,"Сделать заставки на десктоп","",2,,,
1.301.348.371,Task,"Почистить и раздать правил 3553194, в том числе подписки на главном аккаунте","",2,,,
1.301.348.372,Task,"Узнать, что лучше, удалять или архивировать письма из Gmail.","",2,,,
1.301.348.373,Task,"Как учитывать удаление писем Gmail в алгоритмах персонального помощника","",2,,,
1.301.348.374,Task,"Разобраться с проблемой 2ФА авторизации (Сделать пасскей для 3553194)","",2,,,
1.301.348.375,Task,"Сделать 2 монитора и начать продавать маки, фотоаппарат и аудиоцентр","",2,,,
1.301.376,Project,"Стратегия и работа с задачами","",,,,
1.301.376.377,Task,"Посмотреть видео про зеленые задачи https://youtube.com/live/RpEfiwVSWQM?si=q4AusUi7JjqbRuQ8 ","",2,,,
1.301.376.377.378,Task,"Посмотреть классификацию задач по Дорофееву: что такое зеленые, коричневые итп","",2,,,
1.301.376.379,Task,"Сделать стратегию и мыслесхему в Миро","",2,,,
1.301.376.380,Task,"Разобраться с хотелками, после этого с зелеными задачами","[{""attributes"":{""link"":""https://www.youtube.com/live/RpEfiwVSWQM?si=SNFNSbOGCrxAQD0k""},""insert"":""https://www.youtube.com/live/RpEfiwVSWQM?si=SNFNSbOGCrxAQD0k""},{""insert"":""\n\n""}]",2,,,
1.301.376.381,Task,"Высокоуровневые направления из майндмэпа, а в них уже подпроекты","",2,,,
1.301.376.382,Task,"Узнать, для чего режим проверки проектов два окна ","",2,,,
1.301.376.383,Task,"Как правильно делать фолоуапы в Сингулярити","",2,,,
1.301.376.384,Task,"Провести еженедельный обзор","[{""insert"":""\n""}]",2,,,
1.301.376.384.385,Checklist,"Проверить лоток ""Follow up""",,,,,
1.301.376.384.386,Checklist,"Просмотреть список проектов (добавить забытые шаги) ",,,,,
1.301.376.384.387,Checklist,"Проверить приход/уход денег, отметить в семейном бюджете ",,,,,
1.301.376.384.388,Checklist,"Просмотреть календарь на месяц. Надо ли к чему-то начать готовиться?",,,,,
1.301.376.384.389,Checklist,"Просмотреть майндмэп со стратегией ",,,,,
1.301.376.384.390,Checklist,"Просмотреть сделанное за неделю ",,,,,
1.301.376.384.391,Checklist,"Разобрать лоток ""Разложить""",,,,,
1.301.376.384.392,Checklist,"Опустошить все входящие",,,,,
1.301.376.384.393,Checklist,"Принести расписание тренировок на этой неделе ",,,,,
1.301.376.384.394,Checklist,"Посмотреть список задач и вычеркнуть лишнее",,,,,
1.301.376.384.395,Checklist,"Опустошить физический инбокс",,,,,
1.301.376.384.396,Checklist,"Разметить зелёные задачи ",,,,,
1.301.376.397,Task,"Вопросы по хранению информации, которые надо себе задавать (в заметке):","[{""insert"":""1. Где я буду искать это кусочек информации в тот момент, когда он мне потребуется?\n2. А что мне напомнит об этой информации в нужный момент?\n3. Я хочу вернуться к этой информации позже или я просто не хочу с ней разбираться?\n""}]",2,,,
1.301.376.398,Task,"Хотелки, чтобы что, что еще? Дополнительные условия ","",2,,,
1.301.376.399,Task,"Разобрать физический инбокс в шкафу","",2,,,
1.301.400,Project,"Покупки","",,,,
1.301.400.401,Task,"Купить кроссовки On","",2,,,
1.301.400.402,Task,"Поискать аналоги ветровки, которую я потерял в Хорватии","",2,,,
1.301.400.403,Task,"Футболка для тренировок Laufshirt kurzarm Herren nahtlos - https://www.decathlon.de/p/laufshirt-kurzarm-herren-nahtlos-run-500-komfort-schwarz/_/R-p-340992?mc=8861685&c=rauchschwarz_graphitgrau ","[{""insert"":""\n""}]",2,,,
1.301.400.404,Task,"Купить универсальный пульт","",2,,,
1.301.400.405,Task,"Купить 32 Гб 1600 MHz DDR3 memory module.","",2,,,
1.301.400.406,Task,"Купить мясорубку","",2,,,
1.301.400.407,Task,"Купить Google TV Streamer (4K) https://www.idealo.de/preisvergleich/OffersOfProduct/204853858_-tv-streamer-4k-google.html?gclid=Cj0KCQjwwZDFBhCpARIsAB95qO1iB3vn2zqctFB2D-k4bCBEWW7vuHoX_0iNP0BNNjP3A4cAadkD1nwaAoO_EALw_wcB&utm_campaign=SEM-DE-WEB-CVR-SHOPPING-22718332006&utm_medium=cpc&utm_source=google","",2,,,
1.301.400.408,Task,"Купить https://www.instagram.com/reel/DNsHCSo0Hml/?igsh=MXM0NWRqazRid2t0YQ==","",2,,,
1.301.400.409,Task,"Купить слайсер ","",2,,,
1.301.400.410,Task,"Купить стойку для аудио","",2,,,
1.301.400.411,Task,"Купить Wing foil","",2,,,
1.301.400.412,Task,"Купить Caviar maker","",2,,,
1.301.400.413,Task,"Купить шампунь для обуви ","",2,,,
1.301.400.414,Task,"Universal remote control","",2,,,
1.301.400.415,Task,"Купить футболку Under Armor","",2,,,
1.301.400.416,Task,"Купить витамины ","",2,,,
1.301.400.417,Task,"Купить Power Bank","",2,,,
1.301.400.418,Task,"Яхтенная обувь https://www.quoddy.com/pages/men","",2,,,
1.301.400.419,Task,"Boat shoes https://www.sperry.com/us/en_US/men/billfish-3ey_mm-blue/p/13934350","",2,,,
1.301.400.420,Task,"Купить фильтр","",2,,,
1.301.400.421,Task,"Нужно ли M5Pro или достаточно M5?","",2,,,
1.301.422,Project,"Саморазвитие","",,,,
1.301.422.423,Task,"Переписать достижения","",2,,,
1.301.422.424,Task,"Какие есть активы?","",2,,,
1.301.422.425,Task,"Поговорить с Аней про дизайн жизни через 10, 20 лет","",2,,,
1.301.422.426,Task,"Сделать план анализа прошедшего года и планирования следуюшего (25 лет, 10 лет, 5 лет, 3 года, 1 год, квартал, месяц), в том числе на основе блокнота BNB","",2,,,
1.301.422.427,Task,"Подготовить проходы по Воркбуку Нечто","",2,,,
1.301.422.428,Task,"Разработать план обучения (Хомяк Интуиция итп)","[{""insert"":""\n""}]",2,,,
1.301.422.429,Task,"Найти кимоно","",2,,,
1.301.422.430,Task,"Заказать https://www.fcschoenhagen.de/seite/625856/schnupperflug-und-schnupperkurs.html","",2,,,
1.301.422.431,Task,"Помочь сыну помочь дочери помочь Ане помочь себ","",2,,,
1.301.422.432,Task,"Видеть маму чаще ","",0,,,
1.301.422.433,Task,"Записаться/сходить на пробное занятие https://www.tendoryu-aikido.org/en/aikido/class-schedule/","",2,,,
1.301.434,Project,"Спорт","",,,,
1.301.434.435,Task,"Внедрить комплекс на тренировках https://youtube.com/watch?v=IGYQSTFnjzE&si=F2BGf5dRHJ2Ib3To","",2,,,
1.301.436,Project,"Деньги","",,,,
1.301.436.437,Task,"Подключить приложение от Исаака. (v.1 Спросить у Сергея Исаака, есть ли у меня договор клубный авто?)","",2,,,
1.301.436.438,Task,"Перевести все счета на Sparkasse","[{""insert"":""\n""}]",2,,,
1.301.436.438.439,Checklist,"10.11.2025 - Lastschrift SEPA-LASTSCHRIFT VON Drillisch Online GmbH 32932311755BDDLPFG IBAN -9,99€",,,,,
1.301.436.438.440,Checklist,"ZAHLUNG AN PAYPAL *EASYPARK 35314369001 SE VOM 10.10.",,,,,
1.301.436.438.441,Checklist,"05.11.2025 - Lastschrift Telefonica Germany",,,,,
1.301.436.438.442,Checklist,"ZAHLUNG AN STARLINK INTERNET Dublin 2 IE VOM 20.10.",,,+,,
1.301.436.438.443,Checklist,"ZAHLUNG AN PAYPAL *ITUNESAPPST APPLE 4029357733 IE VOM 21.10.",,,,,
1.301.436.438.444,Checklist,"SEPA-LASTSCHRIFT VON DB Vertrieb GmbH 32932311755BDCZLTD IBAN -58,00€",,,+,,
1.301.436.438.445,Checklist,"07.11.2025 - Kartenzahlung ZAHLUNG AN SLACK T086M8XAQFK DUBLIN 1 IE VOM 05.11.",,,,,
1.301.436.438.446,Checklist,"Написать Сергею",,,,,
1.301.436.438.447,Checklist,"ZAHLUNG AN APPLE.COM/BILL ITUNES.COM IE VOM 22.10. -0,99€",,,,,
1.301.436.438.448,Checklist,"10.11.2025 - Lastschrift SEPA-LASTSCHRIFT VON Drillisch Online GmbH 32932311755BDDLPFH IBAN-9,99€",,,,,
1.301.436.438.449,Checklist,"06.11.2025 - Lastschrift SEPA-LASTSCHRIFT VON Dialog Versicherung Aktiengesellschaft -8,92€",,,,,
1.301.436.450,Task,"Написать в налоговую Райникендорф вопрос о том, что делать мне с моим ИП?","",2,,,
1.301.436.451,Task,"Запросить возмещение за уборку ","",2,,,
1.301.436.452,Task,"Посчитать текущее состояние - долги (предоплаты, ожидания), активы","[{""insert"":""\n""}]",1,,,
1.301.436.453,Task,"Аня отправить в Генерали 3 счета за зубы + Маша","",2,,,
1.301.436.454,Task,"Составить список списаний со счетов","",1,,,
1.301.436.455,Task,"Заполнить анкету по Oud  для получения страховки","",1,,,
1.301.436.456,Task," Создать список повторяющихся платежей для бюджета","",2,,,
1.301.436.457,Task,"Отключить Denote, скачать все инвойсы, потом отключить","[{""insert"":""---------- Forwarded message ---------\nОт: KodePay \nDate: чт, 3 июл. 2025 г. в 12:37\nSubject: Your receipt from Denote\nTo: gmail.com>\n\n\nDenote\n\n\nReceipt from Denote\nUSD9.00\nPaid ""},{""attributes"":{""link"":""tel:2025-07-03""},""insert"":""2025-07-03""},{""insert"":"" 10:36:56 (UTC-0)\n\n\n [image: Stripe]\n\n\nTransaction number 805beda4-f857-11ef-9ab1-7208d8233c8a\n\nPayment method\n\n\n\nFriendly Reminder: This payment is for a subscription service and will be\nautomatically charged on a recurring basis. Thank you for your support! If\nyou need assistance, please reach out to us.\n\n\nThis order is serviced and fulfilled by Denote, and KodePay provides\npayment service support. If you have any questions, please contact\ndeveloper caohongyuan@""},{""attributes"":{""link"":""https://zingfront.com"",""bold"":true},""insert"":""zingfront.com""},{""insert"":"" and KodePay ""},{""attributes"":{""link"":""mailto:service@support.kodepay.io""},""insert"":""service@support.kodepay.io""},{""insert"":""\npowered by KodePay © 2023 Kodepay. All rights reserved.\n""}]",2,,,
1.301.436.458,Task,"Изучить предложение от Сергея по ARAG","",2,,,
1.301.436.459,Task,"Написать письмо в  Jobcenter, спросить, какие возможны формы финансирования","[{""insert"":""\n""}]",2,,,
1.301.436.460,Task,"Разобрать документы по зубам","",2,,,
1.301.436.461,Task,"Узнать, почему не возмещают чистку зубов?","",2,,,
1.301.436.462,Task,"Отписаться от fireflies.ai","",2,,,
1.301.436.463,Task,"Выбрать какой улучшить и оставить и продать все остальные iMac","",2,,,
1.301.436.464,Task,"Сделать отчет по подоходному за 2025 год","",2,,,
1.301.436.465,Task,"Поменять реквизиты киндергельд","",2,,,
1.301.436.466,Task,"Разобраться, почему не работает Барклайскард / заказать новую + восстановить Ане пин","",2,,,
1.301.436.467,Task,"Посмотреть Генерали за что вернули деньги и за что еще не вернули","",2,,,
1.301.436.468,Project,"Jobcenter","",,,,
1.301.436.468.469,Task,"Составить план действий по джобцентру","",2,,,
1.301.436.470,Project,"Свитшоты  продать","",,,,
1.301.471,Project,"Видео посмотреть (не больше 15)","",,,,
1.301.471.472,Task,"https://youtube.com/watch?v=lRifI8pu0c0&si=8YeYAT7ERIVoi4g_","",2,,,
1.301.471.473,Task,"Изучить видео использование RAG агента https://youtube.com/watch?v=5BDCBWE25Jg&si=c-zZplxaRXRnUAND","",2,,,
1.301.471.474,Task,"СЕКРЕТНЫЙ AI Workflow: как создать исследовательского ИИ агента n8n (подробный шаблон n8n) https://youtu.be/wJlRKfpCxwQ?si=8ZbeO4h3uHM72r2T","[{""insert"":""Сделать ИИ агента-исследователя\n""}]",2,,,
1.301.471.475,Task,"Максим Дорофеев — Джедайская техника 2.0 https://youtu.be/-DGTY6AB3bU?si=-PFeyTIzdmzbKDRJ ","",2,,,
1.301.471.476,Task,"Досмотреть видео, сделать заметки https://youtu.be/JJIo8Bdy7Vc?si=-vgpPOokVpAyzgyA ","",2,,,
1.301.471.477,Task,"Сделать контент завод по видео  https://youtu.be/BKBWTUuohIE?si=uALsRafV7xyF85Wm","",2,,,
1.301.471.478,Task,"https://youtu.be/kerGgbjjpgs?si=XqMi6JKAwBAvUJ8-","",2,,,
1.301.471.479,Task,"Сделать SEPA на вывоз макулатуры","",2,,,
1.301.480,Project,"Networking","",,,,
1.301.480.481,Task,"Позвонить Насте","",2,,,
1.301.480.482,Task,"Позвонить Боре, Наталье, роме(?), Насте","",2,,,
1.301.483,Project,"House","",,,,
1.301.483.484,Task,"Очистить обеденный стол от старого покрытия и покрыть новым","",2,,,
1.301.483.484.485,Task,"Решить, как снять покрытие со стола (лазер? сухой лед?)","",2,,,
1.301.483.484.486,Task,"Решить, чем покрыть стол","",2,,,
1.301.483.487,Task,"Посадить траву весной","",2,,,
1.301.483.488,Task,"Переделать стул - перетянуть спинку","",2,,,
1.301.483.489,Task,"Постричь газон","",2,,,
1.301.483.490,Task,"Купить черные PVC Netz и после этого заменить Миша, Маша, мы, Кухня","[{""insert"":""Размеры Ш х В\n\nМиша 132 (124) × 136 (137)""},{""attributes"":{""list"":""ordered""},""insert"":""\n""},{""insert"":""Маша 131 (124) × 136 ""},{""attributes"":{""list"":""ordered""},""insert"":""\n""},{""insert"":""Мы 170 (162) × 136""},{""attributes"":{""list"":""ordered""},""insert"":""\n""},{""insert"":""Гостиная 130 × 150""},{""attributes"":{""list"":""ordered""},""insert"":""\n""},{""insert"":""Кухня 120 (172) × 125""},{""attributes"":{""list"":""ordered""},""insert"":""\n""},{""insert"":""Ванная 90 × 90""},{""attributes"":{""list"":""ordered""},""insert"":""\n""},{""insert"":""Кладовка 130 × 119""},{""attributes"":{""list"":""ordered""},""insert"":""\n""}]",2,,,
1.301.483.491,Task,"Помыть кафель в ванной","",2,,,
1.301.483.492,Task,"Придумать Mesh для Starlink","",2,,,
1.301.483.493,Task," Помыть все фасады на кухне","",2,,,
1.301.483.494,Task," Помыть кафель в ванной в том числе пол ","",2,,,
1.301.483.495,Task,"Очистить газон","",2,,,
1.301.483.496,Task,"Сделать солнечные часы","",2,,,
1.301.483.497,Task,"Покрыть кафель в ванной краской? https://www.dulux.de/de/produkte/fliesenlack","",2,,,
1.301.483.498,Task,"Покрасить люк в саду, схема такая:👉 шлифовка → обезжиривание → грунт → хаки (RAL 6003)","",2,,,
1.301.483.499,Task,"Купить Markise","",2,,,
1.301.483.500,Task,"Краска, которую можно снять со стены https://unpaint.com/pages/paleta-de-colores","",2,,,
1.301.483.501,Task," Сделать коробку с розеткой под крышей для Starlink подвести к ней провод ","",2,,,
1.301.483.502,Task,"Побороть запах в ванной","",2,,,
1.301.483.503,Task,"Починить сетку в кладовке","",2,,,
1.301.483.504,Task,"Написать Хайманам про таблички соседей, плохой запах, спросить, будут ли менять окно при ремонте (Хайманы таблички запах окно)","",2,,,
1.301.505,Project,"Продажа старой и покупка новой машины","",,,,
1.301.506,Project,"Стратегия развития","",,,,
1.301.506.507,Task,"Stiftungs‒Holding https://www.hermes-c.de/stiftung","",2,,,
1.301.506.508,Task,"Steuerfreier Vermögensaufbau für GmbH- Geschäftsführer https://www.pensionio.de/unternehmer-report/","",2,,,
1.301.509,Project,"Мамина книга","",,,,
1.301.509.510,Task,"Сделать подписи к фотографиям","",2,,,
1.301.511,Project,"Хотелки","",,,,
1.301.511.512,Task,"Новый телевизор - проектор - экран. Размеры комнаты 6000х3800х2700, расстояние от дивана о стены 3000","",2,,,
1.301.511.513,Task,"Пострелять в тире","",2,,,
1.301.511.514,Task,"Найти жировую сетку","",2,,,
1.301.511.515,Task,"Если сделаю до конца мая оборот 50 000 старый Mercedes (макс 3500), если 100 000 то новый (макс 7000)","",2,,,
1.301.511.516,Task,"Если сделаю оборот 1000 евро, куплю кнопку Буст https://shopify.supply/products/chaching-button","",2,,,
1.517,Project,"TEVIQA","",,,,
1.517.518,Task,"Сделать пространство Google Workspace Teviqa","",2,,,
1.517.519,Task,"https://p2svc.substack.com/p/whats-going-on","",2,,,
1.517.520,Task,"Доделать договор Участники-Проприа","",2,,,
1.517.521,Task,"Посмотреть договор насчет финансирования патентов","",2,,,
1.517.522,Task,"Изучить возможности   HubSpot: отправка/получение емейлов, назначение задач","",2,,,
1.517.523,Task,"https://startupoekosystem.com/listing/airbus-bizlab-accelerator/","",2,,,
1.517.524,Task,"Разобрать материалы по фандрайзингу","",2,,,
1.517.525,Task,"Отработать https://p2s.vc","",2,,,
1.517.526,Task,"Отработать https://www.f6s.com","",2,,,
1.517.527,Task,"Отработать https://startupoekosystem.com/listing/airbus-bizlab-accelerator/","",2,,,
1.528,Project,"FollowUps","",,,,